<?xml version="1.0" encoding="utf-8" ?>
<!--
  Copyright (C) 2011 Jeroen Frijters

  This software is provided 'as-is', without any express or implied
  warranty.  In no event will the authors be held liable for any damages
  arising from the use of this software.

  Permission is granted to anyone to use this software for any purpose,
  including commercial applications, and to alter it and redistribute it
  freely, subject to the following restrictions:

  1. The origin of this software must not be misrepresented; you must not
     claim that you wrote the original software. If you use this software
     in a product, an acknowledgment in the product documentation would be
     appreciated but is not required.
  2. Altered source versions must be plainly marked as such, and must not be
     misrepresented as being the original software.
  3. This notice may not be removed or altered from any source distribution.

  Jeroen Frijters
  jeroen@frijters.net
  
-->
<root>
    <assembly>
        <class name="javax.swing.SwingUtilities">
            <method name="layoutCompoundLabelImpl" sig="(Ljavax.swing.JComponent;Ljava.awt.FontMetrics;Ljava.lang.String;Ljavax.swing.Icon;IIIILjava.awt.Rectangle;Ljava.awt.Rectangle;Ljava.awt.Rectangle;I)Ljava.lang.String;">
                <!-- Only needed for OpenJDK 6, can removed in OpenJDK 7, prevent "..." on some buttons and labels -->
                <replace-method-call class="sun.swing.SwingUtilities2" name="getRightSideBearing" sig="(Ljavax.swing.JComponent;Ljava.awt.FontMetrics;Ljava.lang.String;)I">
                    <code>
                        <pop />
                        <pop />
                        <pop />
                        <ldc_i4_0 />
                    </code>
                </replace-method-call>
            </method>
        </class>
    </assembly>
</root>
